pst,brand,impr,gv,gmv,ctr
cabinet_drawer_organization,arabest,17205.0,644.0,1385.72,3.7430979366463237
cabinet_drawer_organization,auraluxi,17284.0,1663.0,1772.9299999999998,9.621615366813238
cabinet_drawer_organization,duniso,68335.0,2703.0,5410.43,3.9555132801638986
cabinet_drawer_organization,eworld,119503.0,2065.0,9882.29,1.727990092298938
cabinet_drawer_organization,festive_gallery,15861.0,674.0,1146.0,4.249416808524053
cabinet_drawer_organization,generic,108831.0,4193.0,12222.93,3.8527625400850862
cabinet_drawer_organization,haidue,93424.0,2842.0,15920.500000000002,3.042044870697037
cabinet_drawer_organization,homarket,25461.0,1575.0,4264.11,6.185931424531637
cabinet_drawer_organization,nayzaan,28515.0,776.0,1723.24,2.721374715062248
cabinet_drawer_organization,sky_touch,112726.0,3003.0,6845.48,2.663981690115856
cabinet_drawer_organization,solerconm,18962.0,830.0,1339.45,4.377175403438456
cabinet_drawer_organization,toshionics,62660.0,2329.0,6548.54,3.7168847749760614
cabinet_drawer_organization,zimnest,23274.0,997.0,5571.920000000001,4.283750107416
closet_clothes_hanger,duniso,108600.0,3600.0,16656.96,3.314917127071823
closet_clothes_hanger,feelings,221254.0,6949.0,37492.22,3.140734178817106
closet_clothes_hanger,generic,134623.0,5221.0,24058.28,3.878237745407546
closet_clothes_hanger,homestar,20472.0,1040.0,2925.2300000000005,5.080109417741306
closet_clothes_hanger,house_day,22037.0,1610.0,7868.51,7.3058946317556845
closet_clothes_hanger,jehan,27412.0,776.0,6282.869999999999,2.830876988180359
closet_clothes_hanger,moment,18226.0,322.0,2596.6499999999996,1.766706902227587
closet_clothes_hanger,noon_east,521364.0,6830.0,61922.079999999994,1.3100252414819589
closet_clothes_hanger,red_dot_gift,40937.0,2339.0,9557.119999999999,5.7136575713901845
closet_clothes_hanger,sky_touch,26896.0,1075.0,4245.55,3.996876859012492
closet_clothes_hanger,tycom,16515.0,526.0,3341.06,3.184983348471087
closet_clothes_hanger,ununs,21867.0,514.0,3801.4700000000003,2.350573924177985
closet_clothes_hanger,xiuwoo,23898.0,1071.0,1742.13,4.481546572934974
closet_clothes_hanger,yanek,102337.0,3291.0,29421.230000000003,3.215845686310914
closet_clothes_hanger,zayva,30197.0,1464.0,15757.460000000001,4.848163724873332
closet_clothes_hanger,zober,43326.0,2025.0,22160.4,4.673867885334442
closet_organization_systems,duniso,40242.0,858.0,4868.66,2.132100790219174
closet_organization_systems,eworld,18251.0,1008.0,2003.34,5.522985041915511
closet_organization_systems,feelings,15615.0,365.0,1502.95,2.3374959974383605
closet_organization_systems,generic,32360.0,1912.0,3537.95,5.908529048207664
closet_organization_systems,royalford,24872.0,1396.0,1521.34,5.612737214538437
closet_organization_systems,urbazaar,146185.0,2524.0,13198.98,1.7265793344050349
closet_organization_systems,xiuwoo,35030.0,1803.0,4782.7,5.147016842706252
closet_organization_systems,zober,29711.0,883.0,5400.02,2.9719632459358487
food_containers,1chase,53685.0,1373.0,4073.8299999999995,2.557511409145944
food_containers,3diamonds,15871.0,790.0,2310.15,4.977632159284228
food_containers,aideli,18795.0,570.0,1879.19,3.0327214684756583
food_containers,alsaqer,35605.0,2034.0,3862.5,5.71268080325797
food_containers,amal,28627.0,810.0,2249.4,2.829496629056485
food_containers,anmi,21170.0,794.0,3942.3100000000004,3.7505904581955596
food_containers,arabest,23909.0,996.0,2248.96,4.1657953072064915
food_containers,beauenty,66767.0,2224.0,7985.4,3.3309868647685232
food_containers,beola,102044.0,5269.0,20746.9,5.1634589000823174
food_containers,berghoff,17219.0,338.0,516.38,1.9629479063824844
food_containers,bgm,29403.0,1018.0,2332.0299999999997,3.462231745060028
food_containers,borosil,68821.0,3055.0,2692.12,4.439052033536275
food_containers,changli,28578.0,899.0,672.62,3.1457764714115752
food_containers,duniso,157188.0,6206.0,13365.890000000003,3.9481385347481996
food_containers,falconpack,49968.0,1661.0,2582.21,3.3241274415626
food_containers,feelings,100453.0,4082.0,7575.51,4.063591928563607
food_containers,fufu,26548.0,1141.0,2103.89,4.297875546180503
food_containers,generic,232372.0,10575.0,27035.42,4.550892534384522
food_containers,glasslock,19943.0,566.0,801.0799999999999,2.8380885523742667
food_containers,haidue,18390.0,875.0,2600.48,4.758020663404023
food_containers,home_box,52351.0,1595.0,1186.28,3.0467421825753087
food_containers,homestar,45047.0,2823.0,6642.830000000001,6.266788021399872
food_containers,hookor,35605.0,596.0,1312.86,1.67392220193793
food_containers,joyoussto,73180.0,2467.0,11934.260000000002,3.371139655643619
food_containers,locknlock,148842.0,7865.0,8835.2,5.284126792168877
food_containers,mahmir,113324.0,6294.0,30098.909999999996,5.5539867989128515
food_containers,mamatoons,22847.0,670.0,2969.6299999999997,2.932551319648094
food_containers,moment,38289.0,1243.0,6946.12,3.2463631852490273
food_containers,noon_east,1405270.0,18805.0,62208.83,1.3381770051306867
food_containers,qibang,44004.0,1461.0,2127.95,3.3201527133896915
food_containers,raj,15030.0,1804.0,682.6800000000001,12.002661343978708
food_containers,royalford,237126.0,9612.0,11909.599999999999,4.053541155335139
food_containers,sky_touch,54376.0,1309.0,3669.5800000000004,2.4073120494335734
food_containers,snh_packing,38486.0,804.0,2522.24,2.0890713506210052
food_containers,teuuea,64970.0,789.0,5757.54,1.2144066492227181
food_containers,thermos,22649.0,807.0,2086.2,3.563071217272286
food_containers,toshionics,72974.0,3098.0,7511.51,4.245347658069997
food_containers,tycom,16930.0,612.0,1862.62,3.6148848198464263
food_containers,xiuwoo,53391.0,2340.0,6738.68,4.382761139517896
food_containers,yah_creation,26923.0,1200.0,3054.8,4.45715559187312
food_containers,yasminara,21081.0,567.0,580.7,2.689625729329728
food_containers,yoawllty,32911.0,1244.0,6482.8,3.779891221779952
food_containers,zimnest,86332.0,2441.0,14554.38,2.827456794699532
lunch_bag,adando,23498.0,818.0,1625.76,3.4811473316878034
lunch_bag,adidas,33924.0,1502.0,4715.1,4.427543921707346
lunch_bag,arabest,17356.0,724.0,1240.75,4.1714680802028115
lunch_bag,cleveree,15940.0,906.0,2128.86,5.683814303638645
lunch_bag,cytheria,84806.0,3973.0,3959.84,4.684810037025682
lunch_bag,dmg_tech,38375.0,736.0,770.02,1.917915309446254
lunch_bag,generic,198412.0,8290.0,12961.050000000001,4.178174707174969
lunch_bag,hoasis,34579.0,1224.0,1338.5700000000002,3.5397206396946124
lunch_bag,home_care,15733.0,756.0,948.45,4.805186550562512
lunch_bag,homestar,21556.0,739.0,1183.49,3.42827982928187
lunch_bag,jacone,27574.0,996.0,1339.8500000000001,3.6120983535214335
lunch_bag,kadeo,24853.0,1093.0,1324.88,4.397859413350501
lunch_bag,lennd,32743.0,1392.0,2651.35,4.251290352136334
lunch_bag,lokass,15261.0,559.0,847.2800000000001,3.662931655854793
lunch_bag,lullaxx,18528.0,675.0,906.85,3.6431347150259064
lunch_bag,mahmir,93207.0,3071.0,5386.17,3.2948169128928084
lunch_bag,mi_vaza,413863.0,8558.0,12844.3,2.0678340416997893
lunch_bag,milton,34828.0,993.0,961.01,2.851154243711956
lunch_bag,munkan,68829.0,2484.0,3399.0299999999997,3.6089439044588763
lunch_bag,omie,16828.0,314.0,2207.4700000000003,1.8659377228428808
lunch_bag,qiccijoo,16395.0,719.0,1632.4299999999998,4.3854833790789876
lunch_bag,rayze,32049.0,1441.0,1456.5500000000002,4.4962401322974195
lunch_bag,robust,24106.0,620.0,843.72,2.571973782460798
lunch_bag,sky_view,32603.0,1070.0,1648.5500000000002,3.281906573014753
lunch_bag,smiggle,37197.0,2323.0,8576.28,6.245127295211979
lunch_bag,ssovi,62069.0,1853.0,3609.5899999999997,2.985387230340428
lunch_bag,thermos,92654.0,3069.0,4243.07,3.312323267209187
lunch_bag,topyich,24472.0,516.0,1076.31,2.1085322000653806
lunch_bag,toshionics,226165.0,9705.0,9578.15,4.291114893993323
lunch_bag,vaodo,24897.0,930.0,1209.95,3.735389806000723
lunch_bag,vio,19397.0,859.0,1128.05,4.4285198742073515
lunch_bag,yoawllty,54911.0,2021.0,3878.38,3.6805011746280343
lunch_box,4h_essentials,25220.0,1038.0,1086.5300000000002,4.115781126090404
lunch_box,adando,148835.0,6334.0,19836.35,4.255719420835153
lunch_box,aideli,115773.0,4116.0,6358.43,3.5552330854344274
lunch_box,arabest,81004.0,3786.0,5793.08,4.67384326699916
lunch_box,avrini,25737.0,807.0,780.02,3.1355635854994754
lunch_box,beauenty,107857.0,3982.0,5074.4800000000005,3.6919254197687676
lunch_box,beola,554048.0,17882.0,54164.94,3.2275181933695274
lunch_box,berghoff,16100.0,497.0,280.01,3.0869565217391304
lunch_box,borosil,43082.0,2303.0,3282.0600000000004,5.345619980502298
lunch_box,changli,50661.0,2241.0,5012.259999999999,4.423521051696571
lunch_box,chielor,26073.0,1258.0,2879.5499999999997,4.824914662677866
lunch_box,db_innov,17603.0,935.0,1286.21,5.311594614554338
lunch_box,disney,35386.0,1182.0,548.71,3.3403040750579325
lunch_box,dmg_tech,17464.0,277.0,1967.24,1.5861200183234083
lunch_box,doodle_kiddo,18814.0,507.0,399.96000000000004,2.6948017433825875
lunch_box,garlo,16890.0,742.0,805.8599999999999,4.393132030787448
lunch_box,generic,858020.0,37693.0,64899.07,4.393021141698329
lunch_box,ggerou,131774.0,7381.0,15282.09,5.60125669707226
lunch_box,gzyizhou,22313.0,1275.0,2320.7,5.714157665934657
lunch_box,haidue,53168.0,2519.0,2142.36,4.737812217875414
lunch_box,homestar,30979.0,1707.0,2359.13,5.5101843184092445
lunch_box,homify,215652.0,1237.0,9304.29,0.5736093335559141
lunch_box,hookor,20689.0,706.0,476.09000000000003,3.412441393977476
lunch_box,hydrobrew,18486.0,609.0,1667.26,3.2943849399545604
lunch_box,joyoussto,25935.0,948.0,1520.3,3.655292076344708
lunch_box,lennd,22371.0,827.0,1469.48,3.6967502570291897
lunch_box,livvy,50957.0,1773.0,1542.77,3.479404203544165
lunch_box,lktocaft,33029.0,1124.0,960.12,3.403070029368131
lunch_box,lock_and_lock,76859.0,1770.0,1448.6299999999999,2.302918330969698
lunch_box,lodroc,17984.0,803.0,623.98,4.465080071174377
lunch_box,lucky,70955.0,2515.0,4541.01,3.544500035233599
lunch_box,lukadah,59953.0,1899.0,1675.33,3.1674811936016547
lunch_box,mahmir,106831.0,3651.0,8758.48,3.4175473411275754
lunch_box,mattel_games,17870.0,579.0,317.04,3.2400671516508113
lunch_box,milton,1714060.0,43370.0,37045.64,2.530249816225803
lunch_box,mitoyo,103660.0,3696.0,6228.02,3.5655026046691107
lunch_box,modetro,22168.0,951.0,1384.75,4.289967520750632
lunch_box,moment,16005.0,340.0,876.27,2.1243361449547016
lunch_box,mumfactory,28525.0,1644.0,3427.03,5.763365468886941
lunch_box,necomi,20129.0,588.0,780.0899999999999,2.92115852749764
lunch_box,noon_east,20259.0,880.0,485.86,4.34374845747569
lunch_box,omie,214778.0,6478.0,35025.43,3.0161375932358063
lunch_box,omielife,120399.0,3245.0,27701.379999999997,2.6952051096769907
lunch_box,pearl,83515.0,3112.0,2706.2599999999998,3.7262767167574684
lunch_box,pomefar,150967.0,3929.0,7065.88,2.6025555253797186
lunch_box,royalford,153839.0,6415.0,4953.99,4.169943902391461
lunch_box,s2c,55881.0,1943.0,1906.84,3.477031549184875
lunch_box,sistema,40927.0,3459.0,4080.3199999999997,8.451633396046619
lunch_box,smilee,15406.0,496.0,825.14,3.2195248604439826
lunch_box,snack_attack,42975.0,3361.0,6283.84,7.820826061663758
lunch_box,stor,116176.0,3030.0,1405.23,2.6081118303264015
lunch_box,super_zyouth,100618.0,5221.0,5391.81,5.188932397781709
lunch_box,tapit,63412.0,3507.0,3406.0800000000004,5.530498959187535
lunch_box,tomshoo,19587.0,1171.0,2342.04,5.978455097768928
lunch_box,topyich,40159.0,1528.0,1574.72,3.804875619412834
lunch_box,toshionics,440827.0,19266.0,19085.41,4.370421956912803
lunch_box,twisoo,22635.0,1296.0,842.71,5.725646123260438
lunch_box,vio,20191.0,1359.0,677.32,6.730721608637512
lunch_box,waokn,23905.0,846.0,1260.01,3.539008575611797
lunch_box,wigglywhale,39663.0,1342.0,2646.58,3.383506038373295
lunch_box,xiuwoo,22211.0,1002.0,2956.01,4.511278195488721
lunch_box,yah_creation,44582.0,1513.0,2729.48,3.3937463550311784
lunch_box,yoawllty,24880.0,781.0,1478.8,3.139067524115756
lunch_box,zerifam,27486.0,816.0,1608.4099999999999,2.9687841082733026
storage_set,arabest,22321.0,844.0,2481.0600000000004,3.7811925988978987
storage_set,feelings,194404.0,4648.0,9814.13,2.390897306639781
storage_set,generic,64281.0,2315.0,6730.910000000001,3.601375211959988
storage_set,home_box,47108.0,1124.0,2244.45,2.3860066230788823
storage_set,luminarc,19232.0,473.0,1485.03,2.4594425956738766
storage_set,noon,82869.0,1649.0,6065.63,1.9898876540081334
storage_set,noon_east,34333.0,884.0,2447.2,2.5747822794396065
